{
  "ext/controller/Tfoot-dbg.js": 1722312761000,
  "ext/controller/TeachObjContr.controller.js": 1725424112818,
  "ext/controller/Tfoot.js": 1722312761000,
  "ext/fragment/Resume.js": 1725003286000,
  "ext/controller/MainTeacherContro.controller.js": 1725296165334,
  "manifest.json": 1725425265547,
  "Component.js": 1722300327000,
  "i18n/i18n.properties": 1723481998000,
  "ext/controller/Tfoot.js.map": 1725425265684,
  "ext/controller/TeachObjContr-dbg.controller.js": 1725424112818,
  "ext/controller/TeachObjContr.controller.js.map": 1725425265716,
  "ext/fragment/Resume-dbg.js": 1725003286000,
  "ext/fragment/Resume.js.map": 1725425265701,
  "ext/controller/MainTeacherContro-dbg.controller.js": 1725296165334,
  "ext/controller/MainTeacherContro.controller.js.map": 1725425265702,
  "Component-dbg.js": 1722300327000,
  "Component.js.map": 1725425265686,
  "Component-preload.js": 1725425265791,
  "Component-preload.js.map": 1725425265791,
  "ext/fragment/Resume.fragment.xml": 1725270242000,
  "index.html": 1722300327000
}