{
  "Component.js": 1725011678000,
  "model/models.js": 1724824100000,
  "utils/locate-reuse-libs.js": 1724824100000,
  "controller/MyTaskUI.controller.js": 1724824100000,
  "controller/App.controller.js": 1725425141615,
  "manifest.json": 1725425273845,
  "i18n/i18n.properties": 1724824100000,
  "controller/App-dbg.controller.js": 1725425141615,
  "controller/App.controller.js.map": 1725425273965,
  "utils/locate-reuse-libs-dbg.js": 1724824100000,
  "utils/locate-reuse-libs.js.map": 1725425273971,
  "controller/MyTaskUI-dbg.controller.js": 1724824100000,
  "controller/MyTaskUI.controller.js.map": 1725425273960,
  "model/models-dbg.js": 1724824100000,
  "model/models.js.map": 1725425273958,
  "Component-dbg.js": 1725011678000,
  "Component.js.map": 1725425273969,
  "Component-preload.js": 1725425274044,
  "Component-preload.js.map": 1725425274044,
  "view/MyTaskUI.view.xml": 1725298806056,
  "view/App.view.xml": 1725248320000,
  "css/style.css": 1724824100000,
  "index.html": 1724824100000
}