{
  "ext/controller/Footer-dbg.js": 1722312479000,
  "ext/controller/MainListcontroller.controller.js": 1725273978000,
  "ext/controller/Footer.js": 1722312479000,
  "ext/controller/Departmentobjectcontrol.controller.js": 1725275603000,
  "manifest.json": 1725425263504,
  "Component.js": 1722299908000,
  "i18n/i18n.properties": 1723481926000,
  "ext/controller/Footer.js.map": 1725425263613,
  "ext/controller/MainListcontroller-dbg.controller.js": 1725273978000,
  "ext/controller/MainListcontroller.controller.js.map": 1725425263628,
  "ext/controller/Departmentobjectcontrol-dbg.controller.js": 1725275603000,
  "ext/controller/Departmentobjectcontrol.controller.js.map": 1725425263630,
  "Component-dbg.js": 1722299908000,
  "Component.js.map": 1725425263613,
  "Component-preload.js": 1725425263697,
  "Component-preload.js.map": 1725425263697,
  "index.html": 1722299908000
}